0,0,0,0,0,0,0,0,0,0,0,0,0,0,0,0,0,0,0,0,0,0,0,0,0,0,0,0,0,0,0,0,0,0,0,0,0,0,0,0,0,0,0,0,0,0,0,0,0,0,0,0,0,0,0,0,0,0,0,0,0,0,0,0,0,0,0,0,0,0,0,0,0,0,0,0,0,0,0,0,0,0,0,0,0,0,0,0,0,0,0,0,0,0,0,0,0,0,0,0,0,0,0,0,0,0,0,0,0,0,0,0,0,0,0,0,0,0,0,0,
0,0,0,0,0,0,0,0,0,0,0,0,0,0,0,0,0,0,0,0,0,0,0,0,0,0,0,0,0,0,0,0,0,0,0,0,0,0,0,0,0,0,0,0,0,0,0,0,0,0,0,0,0,0,0,0,0,0,0,0,0,0,0,0,0,0,0,0,0,0,0,0,0,0,0,0,0,0,0,0,0,0,0,0,0,0,0,0,0,0,0,0,0,0,0,0,0,0,0,0,0,0,0,0,0,0,0,0,0,0,0,0,0,0,0,0,0,0,0,0,
0,0,0,0,0,0,0,0,0,0,0,0,0,0,0,0,0,0,0,0,0,0,0,0,0,0,0,0,0,0,0,0,0,0,0,0,0,0,0,0,0,0,0,0,0,0,0,0,0,0,0,0,0,0,0,0,0,0,0,0,0,0,0,0,0,0,0,0,0,0,0,0,0,0,0,0,0,0,0,0,0,0,0,0,0,0,0,0,0,0,0,0,0,0,0,0,0,0,0,0,0,0,0,0,0,0,0,0,0,0,0,0,0,0,0,0,0,0,0,0,
0,0,0,0,0,0,0,0,0,0,0,0,0,0,0,0,0,0,0,0,0,0,0,0,0,0,0,0,0,0,0,0,0,0,0,0,0,0,0,0,0,0,0,0,0,0,0,0,0,0,0,0,0,0,0,0,0,0,0,0,0,0,0,0,0,0,0,0,0,0,0,0,0,0,0,0,0,0,0,0,0,0,0,0,0,0,0,0,0,0,0,0,0,0,0,0,0,0,0,0,0,0,0,0,0,0,0,0,0,0,0,0,0,0,0,0,0,0,0,0,
0,0,0,0,0,0,0,0,0,0,0,0,0,0,0,0,0,0,0,0,0,0,0,0,0,0,0,0,0,0,0,0,0,0,0,0,0,0,0,0,0,0,0,0,0,0,0,0,0,0,0,0,0,0,0,0,0,0,0,0,0,0,0,0,0,0,0,0,0,0,0,0,0,0,0,0,0,0,0,0,0,0,0,0,0,0,0,0,0,0,0,0,0,0,0,0,0,0,0,0,0,0,0,0,0,0,0,0,0,0,0,0,0,0,0,0,0,0,0,0,
0,0,0,0,0,0,0,0,0,0,0,0,0,0,0,0,0,0,0,0,0,0,0,0,0,0,0,0,0,0,0,0,0,0,0,0,0,0,0,0,0,0,0,0,0,0,0,0,0,0,0,0,0,0,0,0,0,0,0,0,0,0,0,0,0,0,0,0,0,0,0,0,0,0,0,0,0,0,0,0,0,0,0,0,0,0,0,0,0,0,0,0,0,0,0,0,0,0,0,0,0,0,0,0,0,0,0,0,0,0,0,0,0,0,0,0,0,0,0,0,
0,0,0,0,0,0,0,0,0,0,0,0,0,0,0,0,0,0,0,0,0,0,0,0,0,0,0,0,0,0,0,0,0,0,0,0,0,0,0,0,0,0,0,0,0,0,0,0,0,0,0,0,0,0,0,0,0,0,0,0,0,0,0,0,0,0,0,0,0,0,0,0,0,0,0,0,0,0,0,0,0,0,0,0,0,0,0,0,0,0,0,0,0,0,0,0,0,0,0,0,0,0,0,0,0,0,0,0,0,0,0,0,0,0,0,0,0,0,0,0,
0,0,0,0,0,0,0,0,0,0,0,0,0,0,0,0,0,0,0,0,0,0,0,0,0,0,0,0,0,0,0,0,0,0,0,0,0,0,0,0,0,0,0,0,0,0,0,0,0,0,0,0,0,0,0,0,0,0,0,0,0,0,0,0,0,0,0,0,0,0,0,0,0,0,0,0,0,0,0,0,0,0,0,0,0,0,0,0,0,0,0,0,0,0,0,0,0,0,0,0,0,0,0,0,0,0,0,0,0,0,0,0,0,0,0,0,0,0,0,0,
0,0,0,0,0,0,0,0,0,0,0,0,0,0,0,0,0,0,0,0,0,0,0,0,0,0,0,0,0,0,0,0,0,0,0,0,0,0,0,0,0,0,0,0,0,0,0,0,0,0,0,0,0,0,0,0,0,0,0,0,0,0,0,0,0,0,0,0,0,0,0,0,0,0,0,0,0,0,0,0,0,0,0,0,0,0,0,0,0,0,0,0,0,0,0,0,0,0,0,0,0,0,0,0,0,0,0,0,0,0,0,0,0,0,0,0,0,0,0,0,
0,0,0,0,0,0,0,0,0,0,0,0,0,0,0,0,0,0,0,0,0,0,0,0,0,0,0,0,0,0,0,0,0,0,0,0,0,0,0,0,0,0,0,0,0,0,0,0,0,0,0,0,0,0,0,0,0,0,0,0,0,0,0,0,0,0,0,0,0,0,0,0,0,0,0,0,0,0,0,0,0,0,0,0,0,0,0,0,0,0,0,0,0,0,0,0,0,0,0,0,0,0,0,0,0,0,0,0,0,0,0,0,0,0,0,0,0,0,0,0,
0,0,0,0,0,0,0,0,0,0,0,0,0,0,0,0,0,0,0,0,0,0,0,0,0,0,0,0,0,0,0,0,0,0,0,0,0,0,0,0,0,0,0,0,0,0,0,0,0,0,0,0,0,0,0,0,0,0,0,0,0,0,0,0,0,0,0,0,0,0,0,0,0,0,0,0,0,0,0,0,0,0,0,0,0,0,0,0,0,0,0,0,0,0,0,0,0,0,0,0,0,0,0,0,0,0,0,0,0,0,0,0,0,0,0,0,0,0,0,0,
0,0,0,0,0,0,0,0,0,0,0,0,0,0,0,0,0,0,0,0,0,0,0.907458,0.997199,1.08007,1.12815,1.14492,1.13317,1.20295,1.24056,1.197,1.3947,0,0,0,0,0,0,0,0,0,0,0,0,0,0,0,0,0,0,0,0,0,0,0,0,0,0,0,0,0,0,0,0,0,0,0,0,0,0,0,0,0,0,0,0,0,0,0,0,0,0,0,0,0,0,0,0,0,0,0,0,0,0,0,0,0,0,0,0,0,0,0,0,0,0,0,0,0,0,0,0,0,0,0,0,0,0,0,0,
0,0,0,0,0,0,0,0,0,0,0,0,0,0,0,0,0,0,0,0,0,0,0,0,0,0,0,2.24008,0.993473,0.586871,0.502174,0.968535,1.8199,0,0,0,0,0,0,0,0,0,0,0,0,0,0,0,0,0,0,0,0,0,0,0,0,0,0,0,0,0,0,0,0,0,0,0,0,0,0,0,0,0,0,0,0,0,0,0,0,0,0,0,0,0,0,0,0,0,0,0,0,0,0,0,0,0,0,0,0,0,0,0,0,0,0,0,0,0,0,0,0,0,0,0,0,0,0,0,
0,0,0,0,0,0,0,0,0,0,0,0,0,0,0,0,0,0,0,0,0,0,0,0,0,0,0,2.6316,1.16485,0.570759,0.378349,0.745901,1.90896,0,0,0,0,0,0,0,0,0,0,0,0,0,0,0,0,0,0,0,0,0,0,0,0,0,0,0,0,0,0,0,0,0,0,0,0,0,0,0,0,0,0,0,0,0,0,0,0,0,0,0,0,0,0,0,0,0,0,0,0,0,0,0,0,0,0,0,0,0,0,0,0,0,0,0,0,0,0,0,0,0,0,0,0,0,0,0,
0,0,0,0,0,0,0,0,0,0,0,0,0,0,0,0,0,0,0,0,0,0,0,0,0,0,0,2.59238,1.17532,0.605986,0.392166,0.638489,1.33241,2.42325,0,0,0,0,0,0,0,0,0,0,0,0,0,0,0,0,0,0,0,0,0,0,0,0,0,0,0,0,0,0,0,0,0,0,0,0,0,0,0,0,0,0,0,0,0,0,0,0,0,0,0,0,0,0,0,0,0,0,0,0,0,0,0,0,0,0,0,0,0,0,0,0,0,0,0,0,0,0,0,0,0,0,0,0,0,0,
0,0,0,0,0,0,0,0,0,0,0,0,0,0,0,0,0,0,0,0,0,0,0,0,0,0,3.06468,1.83979,1.03185,0.602288,0.422187,0.541839,0.89632,1.47601,2.16729,2.24038,0,0,0,0,0,0,0,0,0,0,0,0,0,0,0,0,0,0,0,0,0,0,0,0,0,0,0,0,0,0,0,0,0,0,0,0,0,0,0,0,0,0,0,0,0,0,0,0,0,0,0,0,0,0,0,0,0,0,0,0,0,0,0,0,0,0,0,0,0,0,0,0,0,0,0,0,0,0,0,0,0,0,0,0,
0,0,0,0,0,0,0,0,0,0,0,0,0,0,0,0,0,0,0,0,0,0,0,0,2.80278,2.68111,1.91729,1.27182,0.841194,0.558421,0.424159,0.469428,0.65563,0.917524,1.19261,1.61293,2.48815,0,0,0,0,0,0,0,0,0,0,0,0,0,0,0,0,0,0,0,0,0,0,0,0,0,0,0,0,0,0,0,0,0,0,0,0,0,0,0,0,0,0,0,0,0,0,0,0,0,0,0,0,0,0,0,0,0,0,0,0,0,0,0,0,0,0,0,0,0,0,0,0,0,0,0,0,0,0,0,0,0,0,0,
0,0,0,0,0,0,0,0,0,0,0,0,0,0,0,0,0,0,0,0,0,0,2.35163,2.46161,1.88035,1.50881,1.21798,0.921798,0.674001,0.49286,0.397673,0.408795,0.508578,0.657991,0.841426,1.10472,1.59132,2.26519,2.34894,0,0,0,0,0,0,0,0,0,0,0,0,0,0,0,0,0,0,0,0,0,0,0,0,0,0,0,0,0,0,0,0,0,0,0,0,0,0,0,0,0,0,0,0,0,0,0,0,0,0,0,0,0,0,0,0,0,0,0,0,0,0,1.61676,1.45986,0,0,0,0,0,0,0,0,0,0,0,0,0,0,0,0,0,
0,0,0,0,0,0,0,0,0,0,0,0,0,0,0,0,0,0,0,0,0,2.12187,1.63376,1.37536,1.20764,1.02961,0.858259,0.689378,0.537813,0.420187,0.353591,0.351684,0.408032,0.502963,0.627289,0.790528,1.00616,1.24442,1.60963,2.25172,2.33915,0,0,0,0,0,0,0,0,0,0,0,0,0,0,0,0,0,0,0,0,0,0,0,0,0,0,0,0,0,0,0,0,0,0,0,0,0,0,0,0,0,0,0,0,0,0,0,0,0,0,0,0,0,0,0,0,2.00559,1.85916,1.96797,1.9089,1.13154,1.05875,1.69671,1.72033,0,0,0,0,0,0,0,0,0,0,0,0,0,0,0,
0,0,0,0,0,0,0,0,0,0,0,0,0,0,0,0,0,0,0,0,0,2.06772,1.22934,0.997477,0.865486,0.749452,0.636103,0.526211,0.426731,0.34773,0.30081,0.295114,0.328894,0.391805,0.476304,0.580939,0.705111,0.848022,1.02678,1.23931,1.5904,2.24615,2.19995,2.16485,0,0,0,0,0,0,0,0,0,0,0,0,0,0,0,0,0,0,0,0,0,0,0,0,0,0,0,0,0,0,0,0,0,0,0,0,0,0,0,0,0,0,0,0,0,2.03976,1.82721,1.85199,1.88441,1.92867,2.00364,2.1173,2.08459,1.37265,1.0384,0.963996,0.873595,0.711692,0.681909,0.82933,1.17663,1.81332,0,0,0,0,0,0,0,0,0,0,0,0,0,0,
0,0,0,0,0,0,0,0,0,0,0,0,0,0,0,0,0,0,0,0,2.2615,1.53954,1.01504,0.788875,0.662648,0.567178,0.482042,0.403334,0.333477,0.278028,0.244268,0.238255,0.259786,0.302832,0.361484,0.432509,0.514302,0.606843,0.712809,0.8366,0.991907,1.14688,1.24272,1.52689,2.2069,2.20457,2.03875,2.07248,0,0,0,0,0,0,0,0,0,0,0,0,0,0,0,0,0,0,0,0,0,0,0,0,0,0,0,0,0,0,0,0,0,0,0,2.05937,1.88058,1.93427,2.01885,2.13884,2.11311,1.40382,1.05405,0.980399,0.974425,0.991205,1.01901,1.03624,0.983729,0.831169,0.691581,0.608813,0.541238,0.48129,0.482749,0.593774,0.887959,1.87024,0,0,0,0,0,0,0,0,0,0,0,0,0,0,
0,0,0,0,0,0,0,0,0,0,0,0,0,0,0,0,0,0,0,0,2.17433,1.18759,0.829535,0.63755,0.520002,0.435085,0.365117,0.30419,0.251975,0.211125,0.186059,0.180816,0.19552,0.226156,0.268227,0.318803,0.376328,0.44023,0.510741,0.588491,0.672506,0.755117,0.839509,0.963561,1.10238,1.15372,1.18391,1.46524,2.1795,2.22295,2.10645,2.02693,1.98207,1.95581,1.93936,1.92844,1.92084,1.91537,1.91132,1.90827,1.90594,1.90415,1.90279,1.90176,1.90101,1.90052,1.90024,1.90019,1.90037,1.90082,1.90157,1.90271,1.90437,1.90675,1.9102,1.91528,1.92302,1.93539,1.95639,1.99452,2.06625,2.17751,2.14231,1.42951,1.09667,1.04211,1.05453,1.06992,1.02002,0.870511,0.734549,0.668196,0.645202,0.642083,0.644644,0.637948,0.604669,0.542424,0.473757,0.416094,0.370501,0.344996,0.367784,0.474161,0.719861,1.27429,2.15113,0,0,0,0,0,0,0,0,0,0,0,0,0,
0,0,0,0,0,0,0,0,0,0,0,0,0,0,0,0,0,0,0,2.52464,1.55783,0.957306,0.672225,0.509674,0.404392,0.328425,0.268449,0.218705,0.177578,0.145982,0.126609,0.122366,0.133351,0.156355,0.18781,0.225403,0.267861,0.314472,0.364777,0.418213,0.473565,0.52939,0.587585,0.651889,0.713363,0.759969,0.814944,0.928493,1.07044,1.12195,1.10184,1.0673,1.03877,1.01826,1.00384,0.993563,0.986094,0.98055,0.976362,0.973154,0.970674,0.96875,0.967264,0.966133,0.965301,0.964733,0.964409,0.964325,0.964492,0.964937,0.96571,0.966892,0.968609,0.971055,0.974534,0.979531,0.986831,0.997705,1.0141,1.03827,1.06927,1.08869,1.03962,0.894182,0.767607,0.711331,0.69332,0.680479,0.647688,0.589676,0.529105,0.486276,0.462395,0.45031,0.441878,0.428987,0.40512,0.369644,0.328931,0.290829,0.262341,0.25541,0.289476,0.383186,0.555647,0.835672,1.2863,1.78749,0,0,0,0,0,0,0,0,0,0,0,0,
0,0,0,0,0,0,0,0,0,0,0,0,0,0,0,0,0,0,2.48222,1.61673,1.05465,0.727082,0.523307,0.391507,0.30074,0.234064,0.182286,0.140664,0.107129,0.0814974,0.0655028,0.0621134,0.0715516,0.0902218,0.114937,0.144108,0.176921,0.212778,0.251085,0.291146,0.332149,0.373485,0.415219,0.457109,0.496953,0.534137,0.575457,0.627956,0.67957,0.706861,0.707494,0.694904,0.679668,0.666117,0.655204,0.646701,0.640123,0.63502,0.631034,0.627903,0.625432,0.623482,0.621953,0.620773,0.619892,0.619278,0.618913,0.618794,0.618931,0.619348,0.620093,0.621235,0.622881,0.62519,0.62839,0.632811,0.638903,0.647219,0.65819,0.671313,0.682983,0.683204,0.657696,0.606215,0.552726,0.515883,0.493771,0.475699,0.452246,0.421168,0.388179,0.360259,0.33989,0.325339,0.312908,0.298548,0.279267,0.254614,0.227127,0.201642,0.185711,0.19116,0.230626,0.31152,0.440868,0.635951,0.956306,1.83387,0,0,0,0,0,0,0,0,0,0,0,0,
0,0,0,0,0,0,0,0,0,0,0,0,0,0,0,0,0,2.45775,1.58181,1.04762,0.737008,0.527422,0.381229,0.277442,0.201893,0.14535,0.102132,0.0688783,0.0435572,0.0246522,0.0104866,0.00225475,0.0139854,0.0289191,0.0476504,0.0703269,0.0965519,0.125662,0.156889,0.189442,0.222577,0.255701,0.288409,0.320246,0.350652,0.37986,0.409421,0.439659,0.466221,0.482783,0.487671,0.484339,0.477209,0.469233,0.461812,0.455419,0.4501,0.445741,0.442191,0.439308,0.436971,0.435085,0.433577,0.432392,0.431492,0.430849,0.43045,0.430293,0.430384,0.430747,0.431419,0.432454,0.433936,0.435973,0.438712,0.442333,0.44702,0.452874,0.45968,0.466413,0.470523,0.467721,0.454062,0.430492,0.403859,0.380708,0.362287,0.3458,0.327955,0.307639,0.286388,0.266643,0.249758,0.235396,0.222014,0.207685,0.190954,0.171632,0.151366,0.134336,0.128427,0.143936,0.187046,0.259748,0.368684,0.538338,0.862589,1.88929,0,0,0,0,0,0,0,0,0,0,0,0,
0,0,0,0,0,0,0,0,0,0,0,0,0,0,0,2.1088,2.14514,1.46955,0.982806,0.695626,0.498173,0.353877,0.246145,0.165516,0.10599,0.0651473,0.0457124,0.0478831,0.0581176,0.0667174,0.0707373,0.0694035,0.0626523,0.0508952,0.0353123,0.0204254,0.0246874,0.0472758,0.0745536,0.103352,0.132507,0.161324,0.189323,0.216135,0.241512,0.265479,0.288211,0.30925,0.326887,0.339044,0.344989,0.345779,0.34329,0.339209,0.334658,0.330246,0.326247,0.322752,0.319756,0.317223,0.3151,0.31334,0.311898,0.310741,0.309841,0.309182,0.308752,0.308551,0.308586,0.308872,0.309439,0.310325,0.311585,0.313286,0.315504,0.318311,0.321733,0.325672,0.329765,0.333176,0.334455,0.331768,0.323836,0.311159,0.296059,0.281017,0.267045,0.253617,0.239704,0.224831,0.209404,0.194272,0.180026,0.166621,0.153419,0.139531,0.1243,0.107883,0.092112,0.0820768,0.0867101,0.112265,0.158275,0.225228,0.320268,0.463968,0.711763,1.20549,1.80512,0,0,0,0,0,0,0,0,0,0,0,
0,0,0,0,0,0,0,0,0,0,0,0,0,0,2.18419,1.39256,1.04746,0.819063,0.602832,0.432141,0.299643,0.195997,0.116055,0.0611171,0.0493692,0.0736381,0.100519,0.121895,0.136785,0.14538,0.147997,0.144833,0.136053,0.12198,0.103227,0.0806641,0.0553037,0.0281899,0.00338133,0.0286666,0.0564503,0.0834036,0.109131,0.133375,0.155972,0.176851,0.195917,0.212813,0.226819,0.237166,0.243568,0.246442,0.246663,0.245186,0.242796,0.240035,0.237235,0.234581,0.232162,0.230012,0.228138,0.226532,0.225178,0.224062,0.223173,0.222499,0.222038,0.221787,0.221753,0.221948,0.22239,0.223104,0.224122,0.225478,0.2272,0.229296,0.231719,0.234321,0.236778,0.238529,0.238784,0.236703,0.23178,0.224207,0.214841,0.204688,0.19434,0.183826,0.172886,0.161345,0.149296,0.137004,0.124675,0.112276,0.099509,0.0859521,0.0713683,0.0563741,0.0443592,0.0447135,0.0641299,0.0983038,0.144907,0.206286,0.289211,0.40745,0.587556,0.885138,1.66097,0,0,0,0,0,0,0,0,0,0,0,
0,0,0,0,0,0,0,0,0,0,0,1.11672,1.73989,1.87284,1.20382,0.796617,0.594497,0.45192,0.325614,0.214738,0.121062,0.047771,0.0441022,0.0931496,0.137718,0.1739,0.201447,0.220667,0.232361,0.237586,0.237116,0.231167,0.219676,0.202819,0.181296,0.156253,0.129027,0.100946,0.0733636,0.0482295,0.0308602,0.0329144,0.049819,0.0699009,0.0896264,0.108029,0.124711,0.139348,0.151569,0.161049,0.16768,0.171673,0.173489,0.173697,0.172833,0.171331,0.169507,0.167575,0.165671,0.163875,0.162235,0.160773,0.1595,0.15842,0.157533,0.156836,0.156331,0.156018,0.155903,0.155993,0.156299,0.156835,0.157616,0.158654,0.159951,0.161484,0.163188,0.164925,0.166454,0.167424,0.167395,0.165946,0.162826,0.158075,0.15201,0.14505,0.137507,0.129489,0.120962,0.111862,0.10218,0.0919518,0.0811827,0.0697715,0.0574749,0.0439395,0.0288494,0.0130564,0.0149113,0.0378037,0.0669763,0.102584,0.146623,0.202662,0.277056,0.381868,0.543604,0.843282,1.71732,0,0,0,0,0,0,0,0,0,0,0,
0,0,0,0,0,0,0,0,0,0,0,0.84559,0.503428,0.57529,0.498877,0.377876,0.273805,0.182584,0.0969959,0.0170112,0.0557602,0.120694,0.177911,0.227639,0.269748,0.303518,0.327909,0.342523,0.348575,0.348396,0.34356,0.333917,0.318501,0.296965,0.270183,0.23988,0.207935,0.175935,0.14509,0.116361,0.090713,0.0695088,0.0550153,0.049943,0.0541641,0.0638119,0.0752468,0.0864664,0.0964507,0.104665,0.110886,0.115144,0.117659,0.11876,0.118802,0.118109,0.11695,0.11553,0.113999,0.112459,0.110981,0.10961,0.108375,0.107293,0.106375,0.105626,0.10505,0.104651,0.104432,0.104399,0.104557,0.104914,0.105475,0.106241,0.107203,0.108332,0.10957,0.110811,0.111894,0.112604,0.112692,0.111923,0.110147,0.107339,0.103601,0.0990957,0.093973,0.0883153,0.0821371,0.0754172,0.068131,0.0602614,0.0517955,0.0427384,0.0332301,0.0240845,0.0189429,0.0246784,0.0399312,0.0610233,0.0873934,0.11991,0.160465,0.21245,0.282137,0.382277,0.543022,0.854459,1.75523,0,0,0,0,0,0,0,0,0,0,0,
0,0,0,0,0,0,0,0,0,0,0,0.854861,0.236715,0.121914,0.0863987,0.0530459,0.00143897,0.0632311,0.126314,0.187987,0.246645,0.301476,0.352203,0.398555,0.439559,0.472805,0.494475,0.50178,0.497105,0.487252,0.476262,0.46231,0.441494,0.412096,0.375698,0.335598,0.294864,0.255541,0.218765,0.185117,0.154913,0.128395,0.105852,0.0876971,0.0744482,0.0664766,0.0635076,0.0643557,0.0673709,0.0711016,0.0745813,0.0772988,0.0790719,0.079925,0.0799919,0.0794479,0.078469,0.0772101,0.0757977,0.0743293,0.0728774,0.0714939,0.0702145,0.0690632,0.0680555,0.0672012,0.0665063,0.0659751,0.0656112,0.0654183,0.0654011,0.0655644,0.0659126,0.0664473,0.067163,0.0680423,0.0690484,0.0701184,0.0711587,0.0720468,0.0726439,0.0728168,0.0724669,0.071551,0.0700852,0.0681277,0.0657508,0.0630192,0.0599845,0.0566987,0.0532412,0.0497576,0.0465149,0.0439808,0.0429064,0.0443058,0.0491974,0.0582612,0.0718268,0.0901804,0.113868,0.143928,0.182202,0.231987,0.299549,0.398005,0.558683,0.873127,1.77865,0,0,0,0,0,0,0,0,0,0,0,
0,0,0,0,0,0,0,0,0,0,0,1.09624,1.42723,0.818903,0.419777,0.279648,0.282152,0.330259,0.385031,0.438681,0.490123,0.539548,0.587447,0.634151,0.678844,0.717366,0.739484,0.732674,0.70109,0.669782,0.650634,0.633818,0.606057,0.562428,0.507677,0.449681,0.393871,0.342641,0.296639,0.255782,0.219757,0.188233,0.160924,0.137606,0.118112,0.102296,0.0899893,0.0809169,0.074636,0.0705354,0.0679296,0.0661912,0.0648449,0.0635904,0.0622757,0.0608511,0.059327,0.0577424,0.0561445,0.0545779,0.0530797,0.0516772,0.0503893,0.0492271,0.0481964,0.0472988,0.0465342,0.0459023,0.0454037,0.0450419,0.0448234,0.0447589,0.0448625,0.0451508,0.0456406,0.0463448,0.0472676,0.0483988,0.0497089,0.0511479,0.0526483,0.0541341,0.0555335,0.0567919,0.0578796,0.0587924,0.0595461,0.0601699,0.0607037,0.0612037,0.0617551,0.0624904,0.0636115,0.0654103,0.0682837,0.0727358,0.0793613,0.0888177,0.10181,0.119119,0.141693,0.17083,0.208505,0.258013,0.325417,0.423313,0.582138,0.892636,1.79243,0,0,0,0,0,0,0,0,0,0,0,
0,0,0,0,0,0,0,0,0,0,0,0,0,1.79856,0.94389,0.650361,0.669318,0.725817,0.780301,0.830536,0.878059,0.924577,0.971919,1.02223,1.07741,1.13503,1.17395,1.13727,1.01168,0.921895,0.897715,0.888058,0.85196,0.777188,0.682998,0.591174,0.510064,0.440474,0.38103,0.330106,0.286328,0.248632,0.216205,0.188414,0.164746,0.14477,0.128104,0.114389,0.10326,0.0943389,0.0872373,0.0815771,0.0770195,0.0732859,0.0701656,0.0675106,0.0652223,0.0632364,0.0615104,0.0600134,0.0587199,0.0576069,0.056652,0.0558336,0.0551312,0.0545265,0.0540042,0.0535531,0.0531672,0.0528461,0.0525965,0.0524319,0.0523738,0.052451,0.0526983,0.0531547,0.0538587,0.0548427,0.0561265,0.0577105,0.0595728,0.0616698,0.063942,0.0663239,0.0687541,0.0711831,0.0735777,0.0759224,0.0782199,0.0804952,0.0828026,0.085237,0.0879492,0.091163,0.0951937,0.100466,0.107526,0.11705,0.129849,0.14689,0.169355,0.198788,0.237391,0.288597,0.358291,0.457967,0.615082,0.916085,1.79897,0,0,0,0,0,0,0,0,0,0,0,
0,0,0,0,0,0,0,0,0,0,0,0,0,0,1.50182,1.49584,1.61659,1.69409,1.75154,1.79993,1.84446,1.88842,1.93503,1.98909,2.05948,2.16159,2.29487,2.25503,1.5437,1.29436,1.30468,1.33965,1.29527,1.12536,0.930476,0.772628,0.649866,0.552911,0.474584,0.410041,0.356078,0.310544,0.271935,0.23914,0.211297,0.187712,0.167811,0.151106,0.137169,0.125617,0.116099,0.108298,0.101931,0.0967487,0.0925438,0.0891427,0.0864035,0.0842093,0.082463,0.0810827,0.0799981,0.0791487,0.0784826,0.0779555,0.0775304,0.0771776,0.0768746,0.076606,0.0763634,0.0761459,0.07596,0.0758198,0.0757468,0.0757699,0.0759243,0.07625,0.0767888,0.0775806,0.0786575,0.0800388,0.0817262,0.0837017,0.0859294,0.0883601,0.090939,0.093613,0.0963372,0.0990796,0.101825,0.10458,0.107381,0.1103,0.113463,0.117066,0.121394,0.126846,0.133963,0.143452,0.156208,0.173349,0.196282,0.226851,0.267649,0.322611,0.398143,0.50547,0.667772,0.957304,1.80019,0,0,0,0,0,0,0,0,0,0,0,
0,0,0,0,0,0,0,0,0,0,0,0,0,0,0,0,0,0,0,0,0,0,0,0,0,0,0,0,2.13594,2.14525,2.31049,2.49701,2.50707,1.78382,1.29439,1.01159,0.822215,0.685327,0.580862,0.498068,0.430775,0.375225,0.328947,0.290189,0.257628,0.230231,0.207182,0.187822,0.171613,0.158105,0.146914,0.137705,0.130187,0.124101,0.119222,0.115353,0.112321,0.109976,0.108188,0.106846,0.105852,0.105125,0.104596,0.104209,0.103918,0.103688,0.103492,0.103313,0.103142,0.102979,0.102831,0.102713,0.102645,0.102657,0.102781,0.103053,0.103513,0.104195,0.105132,0.106344,0.107839,0.109611,0.111639,0.113889,0.116317,0.118881,0.121537,0.124251,0.127003,0.12979,0.132636,0.135602,0.138799,0.142404,0.146689,0.152047,0.15903,0.168387,0.18111,0.198483,0.222163,0.254366,0.298252,0.358763,0.444291,0.569819,0.761907,1.06862,1.80978,0,0,0,0,0,0,0,0,0,0,0,
0,0,0,0,0,0,0,0,0,0,0,0,0,0,0,0,0,0,0,0,0,0,0,0,0,0,0,0,0,0,0,0,0,2.7793,1.87625,1.34148,1.04364,0.847055,0.705606,0.597855,0.512791,0.444227,0.388285,0.342267,0.304172,0.272482,0.246042,0.223963,0.205552,0.190257,0.17762,0.167257,0.158836,0.152067,0.146691,0.142482,0.139236,0.136776,0.134948,0.133618,0.132672,0.132013,0.131562,0.131253,0.131035,0.130869,0.130725,0.130586,0.130443,0.130295,0.130152,0.130029,0.129948,0.129937,0.130029,0.130258,0.130659,0.131265,0.132104,0.133195,0.134548,0.13616,0.138015,0.140089,0.142346,0.144749,0.147258,0.149841,0.152474,0.15515,0.157884,0.160727,0.163779,0.167205,0.171268,0.176359,0.183049,0.192141,0.204731,0.222289,0.246758,0.280769,0.328132,0.395047,0.49308,0.646968,0.916916,1.45451,2.10897,0,0,0,0,0,0,0,0,0,0,0,
0,0,0,0,0,0,0,0,0,0,0,0,0,0,0,0,0,0,0,0,0,0,0,0,0,0,0,0,0,0,0,0,0,0,2.74173,1.87931,1.35355,1.05731,0.859313,0.715412,0.605566,0.519539,0.451172,0.396206,0.351534,0.314897,0.28466,0.259628,0.238906,0.221803,0.207765,0.196333,0.187115,0.179772,0.174001,0.169537,0.166146,0.163621,0.161785,0.160485,0.159592,0.158998,0.158614,0.158369,0.158206,0.158082,0.157967,0.157841,0.157697,0.157535,0.157366,0.157207,0.157084,0.157024,0.157063,0.157234,0.157571,0.158106,0.158864,0.159863,0.161113,0.162609,0.164341,0.166284,0.168408,0.170677,0.173052,0.1755,0.177994,0.18052,0.183088,0.185737,0.188556,0.191698,0.195414,0.200096,0.206329,0.214967,0.227223,0.244769,0.269869,0.305604,0.356394,0.429387,0.538444,0.716974,1.06937,2.13757,0,0,0,0,0,0,0,0,0,0,0,0,
0,0,0,0,0,0,0,0,0,0,0,0,0,0,0,0,0,0,0,0,0,0,0,0,0,0,0,0,0,0,0,0,0,0,0,2.7189,1.87826,1.35937,1.06273,0.861205,0.714263,0.603713,0.519031,0.452958,0.400435,0.358038,0.323466,0.295126,0.271873,0.252847,0.237367,0.22488,0.214916,0.207068,0.200981,0.19634,0.192875,0.190347,0.188554,0.187326,0.186517,0.186011,0.18571,0.185537,0.18543,0.185343,0.185246,0.185117,0.18495,0.184747,0.184522,0.184295,0.184095,0.183954,0.18391,0.183999,0.184256,0.184713,0.185395,0.18632,0.187495,0.188916,0.190571,0.192435,0.194478,0.19666,0.198943,0.201287,0.203661,0.206043,0.208434,0.210862,0.2134,0.216187,0.219457,0.223593,0.229183,0.237126,0.248744,0.265931,0.291327,0.32855,0.382652,0.461276,0.578132,0.765109,1.12271,2.13806,0,0,0,0,0,0,0,0,0,0,0,0,
0,0,0,0,0,0,0,0,0,0,0,0,0,0,0,0,0,0,0,0,0,0,0,0,0,0,0,0,0,0,0,0,0,0,0,0,2.71599,1.88318,1.36063,1.05458,0.846547,0.699809,0.59349,0.513696,0.451792,0.402618,0.363,0.330864,0.304759,0.283615,0.266597,0.25303,0.242344,0.234049,0.227719,0.222983,0.219522,0.217064,0.21538,0.214279,0.213602,0.213222,0.213033,0.212951,0.212913,0.212869,0.212784,0.21264,0.21243,0.21216,0.211845,0.211514,0.211198,0.210938,0.210775,0.210752,0.210906,0.211273,0.211879,0.212741,0.213866,0.215248,0.216873,0.218712,0.220729,0.222883,0.225127,0.227416,0.229708,0.231974,0.234202,0.236405,0.238639,0.241022,0.243763,0.24722,0.251969,0.258924,0.269498,0.285812,0.31095,0.349267,0.406817,0.492179,0.618443,0.809904,1.13825,2.02464,0,0,0,0,0,0,0,0,0,0,0,0,
0,0,0,0,0,0,0,0,0,0,0,0,0,0,0,0,0,0,0,0,0,0,0,0,0,0,0,0,0,0,0,0,0,0,0,0,0,2.7317,1.88584,1.33429,1.01264,0.81082,0.676576,0.580141,0.506935,0.449591,0.403939,0.367325,0.337918,0.314378,0.295675,0.280974,0.26958,0.260894,0.254401,0.249659,0.246294,0.243991,0.242492,0.241585,0.241098,0.240891,0.240853,0.240894,0.240945,0.240953,0.240882,0.240713,0.24044,0.240072,0.239632,0.239152,0.238675,0.238249,0.237924,0.237751,0.237774,0.238034,0.23856,0.239369,0.240468,0.241849,0.243491,0.245363,0.24742,0.249611,0.251881,0.254175,0.256439,0.258631,0.260726,0.26272,0.264648,0.266598,0.268746,0.271406,0.275113,0.280756,0.289786,0.304513,0.328502,0.367091,0.428073,0.522843,0.668461,0.890513,1.22924,1.98591,0,0,0,0,0,0,0,0,0,0,0,0,
0,0,0,0,0,0,0,0,0,0,0,0,0,0,0,0,0,0,0,0,0,0,0,0,0,0,0,0,0,0,0,0,0,0,0,0,0,0,2.75765,1.80548,1.21764,0.93911,0.772128,0.655457,0.567965,0.500281,0.447127,0.405072,0.371741,0.345427,0.324833,0.308924,0.296832,0.28782,0.281258,0.276616,0.27345,0.271401,0.270175,0.26954,0.269308,0.269332,0.269493,0.269695,0.269863,0.269941,0.269889,0.269686,0.269328,0.268828,0.268216,0.267536,0.26684,0.266191,0.265652,0.265283,0.265141,0.265271,0.26571,0.266476,0.267575,0.268996,0.270711,0.272681,0.27485,0.277156,0.27953,0.281901,0.284204,0.28638,0.288388,0.290207,0.291845,0.293359,0.29488,0.296657,0.299148,0.303158,0.310089,0.32232,0.343809,0.380951,0.443899,0.549126,0.725899,1.0354,1.61932,2.30357,0,0,0,0,0,0,0,0,0,0,0,0,
0,0,0,0,0,0,0,0,0,0,0,0,0,0,0,0,0,0,0,0,0,0,0,0,0,0,0,0,0,0,0,0,0,0,0,0,0,0,0,2.3835,1.43421,1.09632,0.890877,0.745843,0.638114,0.556428,0.493594,0.444754,0.406654,0.377055,0.354304,0.33709,0.32432,0.315067,0.308555,0.304138,0.301296,0.299611,0.298757,0.298479,0.29858,0.298901,0.299319,0.29973,0.300054,0.300226,0.300203,0.299958,0.29949,0.298817,0.297978,0.297031,0.296046,0.295102,0.29428,0.293658,0.293305,0.293279,0.293621,0.294355,0.295484,0.296992,0.298846,0.300991,0.303361,0.305875,0.308446,0.310985,0.313408,0.31564,0.317623,0.319316,0.320705,0.32181,0.322709,0.323571,0.324738,0.326861,0.331166,0.339901,0.357116,0.389932,0.45066,0.561176,0.765589,1.18047,2.35385,0,0,0,0,0,0,0,0,0,0,0,0,0,
0,0,0,0,0,0,0,0,0,0,0,0,0,0,0,0,0,0,0,0,0,0,0,0,0,0,0,0,0,0,0,0,0,0,0,0,0,0,0,2.41207,1.81266,1.34353,1.05877,0.861681,0.721592,0.620099,0.544566,0.487134,0.44312,0.409554,0.384305,0.365681,0.352275,0.342903,0.336593,0.332558,0.330182,0.328988,0.328615,0.328791,0.329308,0.330004,0.330748,0.331432,0.331963,0.332266,0.332288,0.331997,0.331391,0.330493,0.329358,0.328059,0.326692,0.325359,0.324167,0.323216,0.322596,0.322378,0.322611,0.323324,0.324518,0.326174,0.328245,0.330664,0.333343,0.336179,0.339062,0.341878,0.34452,0.346895,0.348928,0.350562,0.351764,0.352522,0.352857,0.352848,0.35269,0.352816,0.354139,0.358515,0.369609,0.394464,0.446266,0.549793,0.756477,1.2025,2.44639,0,0,0,0,0,0,0,0,0,0,0,0,0,
0,0,0,0,0,0,0,0,0,0,0,0,0,0,0,0,0,0,0,0,0,0,0,0,0,0,0,0,0,0,0,0,0,0,0,0,0,0,0,0,2.62771,1.84482,1.32275,1.01593,0.822443,0.693644,0.60166,0.533185,0.481649,0.443187,0.415018,0.394894,0.380946,0.371634,0.365727,0.362265,0.360523,0.359961,0.360188,0.360918,0.361944,0.363103,0.364261,0.3653,0.366112,0.366604,0.366703,0.366368,0.365591,0.364405,0.362879,0.361117,0.359243,0.357397,0.35572,0.354344,0.353382,0.352925,0.353033,0.35374,0.355046,0.356922,0.359311,0.362124,0.365249,0.368553,0.371892,0.37512,0.378102,0.380722,0.382891,0.384544,0.385638,0.386141,0.386027,0.385286,0.38395,0.382187,0.380492,0.380091,0.383759,0.397424,0.433196,0.514877,0.690619,1.08196,2.25105,0,0,0,0,0,0,0,0,0,0,0,0,0,
0,0,0,0,0,0,0,0,0,0,0,0,0,0,0,0,0,0,0,0,0,0,0,0,0,0,0,0,0,0,0,0,0,0,0,0,0,0,0,0,0,2.718,1.78878,1.21437,0.943519,0.780926,0.667597,0.584278,0.522774,0.478138,0.446567,0.424917,0.410617,0.401631,0.396393,0.393739,0.392822,0.393043,0.39399,0.39538,0.397014,0.39874,0.400423,0.401932,0.403134,0.403903,0.404137,0.40377,0.402787,0.40123,0.399193,0.396815,0.394268,0.391741,0.389424,0.387492,0.386092,0.385336,0.3853,0.386019,0.387493,0.389683,0.392516,0.39588,0.399629,0.403589,0.40757,0.411379,0.414844,0.417824,0.420218,0.421968,0.423038,0.423401,0.423008,0.421774,0.419578,0.416308,0.411989,0.407086,0.403151,0.404187,0.419432,0.468401,0.588885,0.854285,1.4197,2.17237,0,0,0,0,0,0,0,0,0,0,0,0,
0,0,0,0,0,0,0,0,0,0,0,0,0,0,0,0,0,0,0,0,0,0,0,0,0,0,0,0,0,0,0,0,0,0,0,0,0,0,0,0,0,0,2.36507,1.42941,1.09675,0.892303,0.74751,0.642217,0.566856,0.514387,0.478983,0.455948,0.44165,0.433376,0.429153,0.427584,0.427703,0.428861,0.430644,0.43279,0.435134,0.437549,0.439906,0.442053,0.443814,0.445006,0.445473,0.445109,0.443884,0.441849,0.439132,0.435928,0.432476,0.429037,0.425871,0.42321,0.421244,0.420114,0.419907,0.420663,0.422377,0.425001,0.42844,0.432557,0.437164,0.44203,0.446897,0.451508,0.455631,0.459093,0.461793,0.463694,0.464805,0.465141,0.464673,0.463284,0.460726,0.456623,0.450535,0.442159,0.431782,0.421263,0.416177,0.430134,0.491201,0.646953,0.981508,1.94914,0,0,0,0,0,0,0,0,0,0,0,0,
0,0,0,0,0,0,0,0,0,0,0,0,0,0,0,0,0,0,0,0,0,0,0,0,0,0,0,0,0,0,0,0,0,0,0,0,0,0,0,0,0,0,2.40524,1.81342,1.34348,1.05268,0.849533,0.708486,0.61357,0.551538,0.512211,0.488265,0.474559,0.467532,0.464752,0.464585,0.465958,0.468195,0.470904,0.473883,0.477034,0.480284,0.483521,0.486562,0.489153,0.491012,0.491885,0.491598,0.490093,0.487435,0.483805,0.479477,0.474791,0.470116,0.465809,0.462185,0.459489,0.45789,0.457485,0.458312,0.460357,0.463562,0.467817,0.472952,0.478731,0.484844,0.490934,0.496637,0.501634,0.505705,0.508753,0.510801,0.511953,0.512331,0.511997,0.510866,0.508622,0.504659,0.498098,0.487919,0.473302,0.454313,0.433351,0.41834,0.42889,0.502909,0.701706,1.15339,1.72957,0,0,0,0,0,0,0,0,0,0,0,
0,0,0,0,0,0,0,0,0,0,0,0,0,0,0,0,0,0,0,0,0,0,0,0,0,0,0,0,0,0,0,0,0,0,0,0,0,0,0,0,0,0,0,2.64109,1.84832,1.30711,0.982003,0.781818,0.661132,0.588783,0.54626,0.522385,0.510141,0.50504,0.5042,0.505778,0.508616,0.512036,0.51571,0.519547,0.523579,0.52784,0.532259,0.5366,0.540474,0.543415,0.544995,0.544924,0.543101,0.539619,0.534739,0.528855,0.522457,0.516077,0.510221,0.505318,0.501678,0.499497,0.498867,0.499812,0.502302,0.506272,0.511604,0.518107,0.525487,0.533331,0.541127,0.548334,0.554483,0.559276,0.562636,0.564701,0.565752,0.56612,0.566066,0.565651,0.564578,0.562061,0.556778,0.546987,0.530874,0.507191,0.476328,0.442419,0.417979,0.43185,0.53201,0.784486,1.5454,0,0,0,0,0,0,0,0,0,0,0,
0,0,0,0,0,0,0,0,0,0,0,0,0,0,0,0,0,0,0,0,0,0,0,0,0,0,0,0,0,0,0,0,0,0,0,0,0,0,0,0,0,0,0,0,2.73513,1.75988,1.14015,0.85406,0.706281,0.625447,0.581628,0.559339,0.549655,0.547248,0.548879,0.552548,0.557035,0.561678,0.566254,0.570866,0.57579,0.581271,0.587333,0.593654,0.599591,0.604336,0.607145,0.607535,0.605355,0.600756,0.594126,0.586038,0.577211,0.568429,0.560435,0.553821,0.548971,0.546083,0.545216,0.546347,0.549422,0.554372,0.561101,0.569426,0.579009,0.589296,0.599529,0.608859,0.616541,0.622136,0.625615,0.627325,0.627861,0.627915,0.628118,0.628853,0.630008,0.630693,0.629078,0.622499,0.607956,0.582999,0.546889,0.502174,0.457788,0.436616,0.489599,0.721436,1.56291,0,0,0,0,0,0,0,0,0,0,0,
0,0,0,0,0,0,0,0,0,0,0,0,0,0,0,0,0,0,0,0,0,0,0,0,0,0,0,0,0,0,0,0,0,0,0,0,0,0,0,0,0,0,0,0,0,2.34513,1.26016,0.912463,0.747385,0.662357,0.619944,0.601019,0.595026,0.59605,0.600664,0.606768,0.613061,0.618865,0.624097,0.629187,0.634863,0.641798,0.650233,0.659715,0.669114,0.676952,0.681897,0.683154,0.680554,0.674395,0.665261,0.653971,0.641587,0.629325,0.618321,0.609405,0.603025,0.59932,0.598241,0.599666,0.603487,0.609651,0.618138,0.628862,0.641499,0.655326,0.669182,0.681645,0.691429,0.697823,0.700908,0.701441,0.700559,0.699525,0.699582,0.701749,0.706414,0.712775,0.718376,0.719097,0.709952,0.686649,0.64743,0.594635,0.536567,0.4929,0.512123,0.715458,1.5552,0,0,0,0,0,0,0,0,0,0,0,
0,0,0,0,0,0,0,0,0,0,0,0,0,0,0,0,0,0,0,0,0,0,0,0,0,0,0,0,0,0,0,0,0,0,0,0,0,0,0,0,0,0,0,0,0,2.21026,1.31363,0.967457,0.789496,0.703033,0.664548,0.650533,0.649054,0.654029,0.662079,0.67101,0.679288,0.686067,0.691389,0.696221,0.702151,0.710744,0.722755,0.737548,0.753037,0.766358,0.775014,0.777749,0.774572,0.766165,0.753385,0.737303,0.719493,0.701969,0.686608,0.674592,0.666339,0.661774,0.660607,0.662509,0.667255,0.674829,0.685416,0.699221,0.716121,0.73526,0.754813,0.772221,0.785048,0.792024,0.793539,0.79123,0.78717,0.783444,0.782198,0.785608,0.795255,0.810973,0.829635,0.844636,0.847024,0.828638,0.785847,0.721817,0.647052,0.581359,0.567568,0.724999,1.52751,0,0,0,0,0,0,0,0,0,0,0,
0,0,0,0,0,0,0,0,0,0,0,0,0,0,0,0,0,0,0,0,0,0,0,0,0,0,0,0,0,0,0,0,0,0,0,0,0,0,0,0,0,0,0,0,0,2.21322,1.57581,1.05586,0.839962,0.753416,0.721012,0.712579,0.715605,0.724582,0.736484,0.748883,0.759564,0.767035,0.771306,0.774241,0.779103,0.789332,0.806948,0.831166,0.857978,0.881455,0.89658,0.901524,0.897278,0.885569,0.867491,0.843997,0.817367,0.791371,0.769483,0.753335,0.742936,0.737649,0.736728,0.739443,0.745305,0.754341,0.767166,0.784716,0.807575,0.835021,0.8642,0.890178,0.907804,0.91455,0.911781,0.903308,0.892898,0.883492,0.8783,0.881555,0.897542,0.928243,0.970478,1.01354,1.0399,1.03208,0.982059,0.895685,0.791265,0.696138,0.653214,0.762421,1.48842,0,0,0,0,0,0,0,0,0,0,0,
0,0,0,0,0,0,0,0,0,0,0,0,0,0,0,0,0,0,0,0,0,0,0,0,0,0,0,0,0,0,0,0,0,0,0,0,0,0,0,0,0,0,0,0,0,0,2.09561,1.13741,0.901676,0.823828,0.798449,0.79406,0.799849,0.812019,0.828312,0.845649,0.859996,0.867978,0.869027,0.866521,0.867065,0.878116,0.904782,0.946695,0.996105,1.03967,1.06611,1.0734,1.0665,1.05007,1.02475,0.989351,0.946802,0.905766,0.873753,0.8524,0.839878,0.834327,0.834424,0.838668,0.845879,0.85605,0.87059,0.8921,0.923125,0.964121,1.01111,1.05391,1.08012,1.08396,1.07008,1.04862,1.02657,1.00642,0.991693,0.990393,1.01283,1.06696,1.15278,1.25473,1.33532,1.35124,1.28378,1.14603,0.979331,0.833504,0.771466,0.883957,1.46961,0,0,0,0,0,0,0,0,0,0,0,
0,0,0,0,0,0,0,0,0,0,0,0,0,0,0,0,0,0,0,0,0,0,0,0,0,0,0,0,0,0,0,0,0,0,0,0,0,0,0,0,0,0,0,0,0,0,1.91748,1.19292,1.00611,0.936613,0.912069,0.905254,0.90863,0.921534,0.943289,0.969356,0.991173,1.00029,0.993992,0.978372,0.966905,0.9756,1.01698,1.09391,1.19288,1.28093,1.32707,1.33288,1.31831,1.29606,1.2635,1.20816,1.13118,1.05929,1.01156,0.985068,0.971039,0.96583,0.968742,0.976316,0.98529,0.995494,1.00943,1.03339,1.07494,1.13855,1.22226,1.3041,1.34857,1.34053,1.29554,1.24587,1.20489,1.16631,1.13018,1.1126,1.13725,1.22625,1.39425,1.63426,1.86198,1.93549,1.82319,1.54521,1.23177,0.981065,0.892172,1.23787,1.87286,0,0,0,0,0,0,0,0,0,0,0,
0,0,0,0,0,0,0,0,0,0,0,0,0,0,0,0,0,0,0,0,0,0,0,0,0,0,0,0,0,0,0,0,0,0,0,0,0,0,0,0,0,0,0,0,0,0,1.95854,1.5375,1.23588,1.13109,1.08821,1.06273,1.05148,1.0588,1.0883,1.13312,1.17352,1.18739,1.16564,1.11983,1.07843,1.07534,1.13976,1.28814,1.51063,1.72196,1.79903,1.78097,1.74418,1.71831,1.69182,1.60417,1.42472,1.27658,1.20886,1.18333,1.16815,1.1611,1.17247,1.18883,1.20018,1.20833,1.21443,1.23343,1.28776,1.38664,1.55591,1.75462,1.8452,1.79539,1.64385,1.52746,1.46519,1.39873,1.31273,1.24889,1.2605,1.39624,1.71678,2.31884,3.20977,3.37386,3.19339,2.28027,1.58693,1.12804,0.914003,1.63052,0,0,0,0,0,0,0,0,0,0,0,0,
0,0,0,0,0,0,0,0,0,0,0,0,0,0,0,0,0,0,0,0,0,0,0,0,0,0,0,0,0,0,0,0,0,0,0,0,0,0,0,0,0,0,0,0,0,0,0,2.32838,1.70411,1.48939,1.38507,1.29834,1.24459,1.22844,1.26947,1.36028,1.4525,1.48443,1.42972,1.31291,1.19986,1.16101,1.25792,1.55028,2.11663,2.93993,2.99228,2.85502,2.76314,2.74375,2.79442,2.71806,1.95597,1.6063,1.54498,1.54778,1.52389,1.48335,1.53719,1.58003,1.58998,1.59789,1.5747,1.55045,1.6396,1.76957,2.14023,2.95612,3.12581,2.99325,2.22593,1.95648,1.91831,1.81666,1.58925,1.40069,1.36507,1.54687,2.17431,3.35602,0,0,0,3.41264,2.13787,1.29677,0.844956,1.3895,0,0,0,0,0,0,0,0,0,0,0,0,
0,0,0,0,0,0,0,0,0,0,0,0,0,0,0,0,0,0,0,0,0,0,0,0,0,0,0,0,0,0,0,0,0,0,0,0,0,0,0,0,0,0,0,0,0,0,0,0,2.3452,2.51534,1.95008,1.69421,1.52953,1.42879,1.4826,1.69843,1.95516,2.04754,1.91748,1.61245,1.32719,1.20171,1.33149,1.94055,3.07636,0,0,0,0,0,0,0,2.56702,2.38903,2.4499,2.56496,2.53793,2.01199,2.55704,2.62859,2.58979,2.64428,2.5814,2.06406,2.62485,2.67078,2.79561,0,0,0,2.85092,2.90486,3.08684,3.00136,2.08088,1.56131,1.44536,1.61578,2.57858,0,0,0,0,0,2.77929,1.49872,0.844744,1.11622,0,0,0,0,0,0,0,0,0,0,0,0,
0,0,0,0,0,0,0,0,0,0,0,0,0,0,0,0,0,0,0,0,0,0,0,0,0,0,0,0,0,0,0,0,0,0,0,0,0,0,0,0,0,0,0,0,0,0,0,0,0,0,2.6888,2.76258,2.04023,1.6398,1.67856,2.25202,3.27879,3.50205,3.23513,2.15809,1.44562,1.16353,1.27738,2.31626,0,0,0,0,0,0,0,0,0,0,0,0,0,1.87984,0,0,0,0,0,1.91858,0,0,0,0,0,0,0,0,0,0,2.54588,1.70626,1.57046,1.69157,2.29502,0,0,0,0,0,2.94752,1.83892,0.960137,0.970258,0,0,0,0,0,0,0,0,0,0,0,0,
0,0,0,0,0,0,0,0,0,0,0,0,0,0,0,0,0,0,0,0,0,0,0,0,0,0,0,0,0,0,0,0,0,0,0,0,0,0,0,0,0,0,0,0,0,0,0,0,0,0,0,0,2.83477,1.85631,1.71913,2.75883,0,0,0,2.77875,1.50178,1.05536,1.0887,2.06825,0,0,0,0,0,0,0,0,0,0,0,0,0,0,0,0,0,0,0,0,0,0,0,0,0,0,0,0,0,0,2.77196,1.94997,1.90848,2.52453,2.21169,0,0,0,0,0,0,2.32433,1.04323,1.43279,0,0,0,0,0,0,0,0,0,0,0,0,
0,0,0,0,0,0,0,0,0,0,0,0,0,0,0,0,0,0,0,0,0,0,0,0,0,0,0,0,0,0,0,0,0,0,0,0,0,0,0,0,0,0,0,0,0,0,0,0,0,0,0,0,0,1.84354,1.58311,2.68336,0,0,0,2.80392,1.47542,0.938931,0.890706,1.78518,0,0,0,0,0,0,0,0,0,0,0,0,0,0,0,0,0,0,0,0,0,0,0,0,0,0,0,0,0,0,0,1.9954,2.44828,0,0,0,0,0,0,0,0,2.09369,0.680848,0,0,0,0,0,0,0,0,0,0,0,0,0,
0,0,0,0,0,0,0,0,0,0,0,0,0,0,0,0,0,0,0,0,0,0,0,0,0,0,0,0,0,0,0,0,0,0,0,0,0,0,0,0,0,0,0,0,0,0,0,0,0,0,0,0,0,1.30673,1.65922,2.90718,0,0,0,2.73073,1.42051,0.860159,0.769439,1.58753,0,0,0,0,0,0,0,0,0,0,0,0,0,0,0,0,0,0,0,0,0,0,0,0,0,0,0,0,0,0,0,0.88725,0,0,0,0,0,0,0,0,0,1.86956,0.353836,0,0,0,0,0,0,0,0,0,0,0,0,0,
0,0,0,0,0,0,0,0,0,0,0,0,0,0,0,0,0,0,0,0,0,0,0,0,0,0,0,0,0,0,0,0,0,0,0,0,0,0,0,0,0,0,0,0,0,0,0,0,0,0,0,0,0,0.816198,2.07256,0,0,0,0,2.64417,1.3539,0.814562,0.78685,1.47906,0,0,0,0,0,0,0,0,0,0,0,0,0,0,0,0,0,0,0,0,0,0,0,0,0,0,0,0,0,0,0,0.247816,0,0,0,0,0,0,0,0,0,1.78802,0.271991,0,0,0,0,0,0,0,0,0,0,0,0,0,
0,0,0,0,0,0,0,0,0,0,0,0,0,0,0,0,0,0,0,0,0,0,0,0,0,0,0,0,0,0,0,0,0,0,0,0,0,0,0,0,0,0,0,0,0,0,0,0,0,0,0,0,0,0.500767,2.04352,0,0,0,0,2.53707,1.26994,0.762566,1.07608,1.83482,0,0,0,0,0,0,0,0,0,0,0,0,0,0,0,0,0,0,0,0,0,0,0,0,0,0,0,0,0,0,1.47181,0.810034,0,0,0,0,0,0,0,0,0,1.75568,0.263965,0,0,0,0,0,0,0,0,0,0,0,0,0,
0,0,0,0,0,0,0,0,0,0,0,0,0,0,0,0,0,0,0,0,0,0,0,0,0,0,0,0,0,0,0,0,0,0,0,0,0,0,0,0,0,0,0,0,0,0,0,0,0,0,0,0,0,0.347398,1.96306,0,0,0,0,2.42897,1.18745,0.670911,1.50077,0,0,0,0,0,0,0,0,0,0,0,0,0,0,0,0,0,0,0,0,0,0,0,0,0,0,0,0,0,0,0,0.897524,0.855765,0,0,0,0,0,0,0,0,0,1.72999,0.274609,0,0,0,0,0,0,0,0,0,0,0,0,0,
0,0,0,0,0,0,0,0,0,0,0,0,0,0,0,0,0,0,0,0,0,0,0,0,0,0,0,0,0,0,0,0,0,0,0,0,0,0,0,0,0,0,0,0,0,0,0,0,0,0,0,0,0,0.293595,1.91279,0,0,0,0,2.33884,1.17356,0.632164,1.42169,0,0,0,0,0,0,0,0,0,0,0,0,0,0,0,0,0,0,0,0,0,0,0,0,0,0,0,0,0,0,1.6701,1.00674,0,0,0,0,0,0,0,0,0,0,1.70142,0.297562,0,0,0,0,0,0,0,0,0,0,0,0,0,
0,0,0,0,0,0,0,0,0,0,0,0,0,0,0,0,0,0,0,0,0,0,0,0,0,0,0,0,0,0,0,0,0,0,0,0,0,0,0,0,0,0,0,0,0,0,0,0,0,0,0,0,0,0.30881,1.86506,0,0,0,0,2.46048,1.4047,0.758031,1.54213,0,0,0,0,0,0,0,0,0,0,0,0,0,0,0,0,0,0,0,0,0,0,0,0,0,0,0,0,0,0,1.34631,1.34823,0,0,0,0,0,0,0,0,0,0,1.67345,0.352733,0,0,0,0,0,0,0,0,0,0,0,0,0,
0,0,0,0,0,0,0,0,0,0,0,0,0,0,0,0,0,0,0,0,0,0,0,0,0,0,0,0,0,0,0,0,0,0,0,0,0,0,0,0,0,0,0,0,0,0,0,0,0,0,0,0,0,0.37914,1.82038,0,0,0,0,0,1.90305,0.733996,0,0,0,0,0,0,0,0,0,0,0,0,0,0,0,0,0,0,0,0,0,0,0,0,0,0,0,0,0,0,1.94795,0.768166,1.06769,0,0,0,0,0,0,0,0,0,0,1.67138,0.492053,0,0,0,0,0,0,0,0,0,0,0,0,0,
0,0,0,0,0,0,0,0,0,0,0,0,0,0,0,0,0,0,0,0,0,0,0,0,0,0,0,0,0,0,0,0,0,0,0,0,0,0,0,0,0,0,0,0,0,0,0,0,0,0,0,0,0,0.41707,1.83642,0,0,0,0,0,1.91425,0.499619,0,0,0,0,0,0,0,0,0,0,0,0,0,0,0,0,0,0,0,0,0,0,0,0,0,0,0,0,0,1.17992,0.304799,0.852932,0,0,0,0,0,0,0,0,0,0,0,1.75482,0.740489,0,0,0,0,0,0,0,0,0,0,0,0,0,
0,0,0,0,0,0,0,0,0,0,0,0,0,0,0,0,0,0,0,0,0,0,0,0,0,0,0,0,0,0,0,0,0,0,0,0,0,0,0,0,0,0,0,0,0,0,0,0,0,0,0,0,0.94419,0.551049,1.90981,0,0,0,0,0,1.93913,0.486464,0,0,0,0,0,0,0,0,0,0,0,0,0,0,0,0,0,0,0,0,0,0,0,0,0,0,0,0,0,0,0,0,0,0,0,0,0,0,0,0,0,0,0,1.86056,1.01711,0,0,0,0,0,0,0,0,0,0,0,0,0,
0,0,0,0,0,0,0,0,0,0,0,0,0,0,0,0,0,0,0,0,0,0,0,0,0,0,0,0,0,0,0,0,0,0,0,0,0,0,0,0,0,0,0,0,0,0,0,0,0,0,0,0,0.453999,1.03066,2.04103,0,0,0,0,0,2.05818,0.57725,0,0,0,0,0,0,0,0,0,0,0,0,0,0,0,0,0,0,0,0,0,0,0,0,0,0,0,0,0,0,0,0,0,0,0,0,0,0,0,0,0,0,2.503,1.42463,1.13638,0,0,0,0,0,0,0,0,0,0,0,0,0,
0,0,0,0,0,0,0,0,0,0,0,0,0,0,0,0,0,0,0,0,0,0,0,0,0,0,0,0,0,0,0,0,0,0,0,0,0,0,0,0,0,0,0,0,0,0,0,0,0,0,0,0,0.0883872,2.06448,0,0,0,0,0,0,2.10992,0.730608,0,0,0,0,0,0,0,0,0,0,0,0,0,0,0,0,0,0,0,0,0,0,0,0,0,0,0,0,0,0,0,0,0,0,0,0,0,0,0,0,0,0,2.2316,1.03647,1.00133,0,0,0,0,0,0,0,0,0,0,0,0,0,
0,0,0,0,0,0,0,0,0,0,0,0,0,0,0,0,0,0,0,0,0,0,0,0,0,0,0,0,0,0,0,0,0,0,0,0,0,0,0,0,0,0,0,0,0,0,0,0,0,0,0,1.49685,1.79888,0,0,0,0,0,0,2.61708,1.5245,0.855897,0,0,0,0,0,0,0,0,0,0,0,0,0,0,0,0,0,0,0,0,0,0,0,0,0,0,0,0,0,0,0,0,0,0,0,0,0,0,0,0,0,2.44942,1.51833,0.545999,0.583247,0,0,0,0,0,0,0,0,0,0,0,0,0,
0,0,0,0,0,0,0,0,0,0,0,0,0,0,0,0,0,0,0,0,0,0,0,0,0,0,0,0,0,0,0,0,0,0,0,0,0,0,0,0,0,0,0,0,0,0,0,0,0,0,1.33959,1.12604,2.34972,0,0,0,0,0,0,2.26294,1.12776,0.877096,0,0,0,0,0,0,0,0,0,0,0,0,0,0,0,0,0,0,0,0,0,0,0,0,0,0,0,0,0,0,0,0,0,0,0,0,0,0,0,0,0,2.11516,0.961466,0.797283,0,0,0,0,0,0,0,0,0,0,0,0,0,0,
0,0,0,0,0,0,0,0,0,0,0,0,0,0,0,0,0,0,0,0,0,0,0,0,0,0,0,0,0,0,0,0,0,0,0,0,0,0,0,0,0,0,0,0,0,0,0,0,0,0,0.824252,1.13458,2.23529,0,0,0,0,0,0,2.19804,0.923365,0.788176,0,0,0,0,0,0,0,0,0,0,0,0,0,0,0,0,0,0,0,0,0,0,0,0,0,0,0,0,0,0,0,0,0,0,0,0,0,0,0,0,0,1.55872,0.554287,0.449394,0,0,0,0,0,0,0,0,0,0,0,0,0,0,
0,0,0,0,0,0,0,0,0,0,0,0,0,0,0,0,0,0,0,0,0,0,0,0,0,0,0,0,0,0,0,0,0,0,0,0,0,0,0,0,0,0,0,0,0,0,0,0,0,0,0.310871,1.59466,0,0,0,0,0,0,0,2.15767,0.553343,0.581139,0,0,0,0,0,0,0,0,0,0,0,0,0,0,0,0,0,0,0,0,0,0,0,0,0,0,0,0,0,0,0,0,0,0,0,0,0,0,0,0,0,0,0,0,0,0,0,0,0,0,0,0,0,0,0,0,0,0,
0,0,0,0,0,0,0,0,0,0,0,0,0,0,0,0,0,0,0,0,0,0,0,0,0,0,0,0,0,0,0,0,0,0,0,0,0,0,0,0,0,0,0,0,0,0,0,0,0,0,0,0,0,0,0,0,0,0,0,2.09941,0.833624,0,0,0,0,0,0,0,0,0,0,0,0,0,0,0,0,0,0,0,0,0,0,0,0,0,0,0,0,0,0,0,0,0,0,0,0,0,0,0,0,0,0,0,0,0,0,0,0,0,0,0,0,0,0,0,0,0,0,0,
0,0,0,0,0,0,0,0,0,0,0,0,0,0,0,0,0,0,0,0,0,0,0,0,0,0,0,0,0,0,0,0,0,0,0,0,0,0,0,0,0,0,0,0,0,0,0,0,0,0,0,0,0,0,0,0,0,0,2.81503,1.67309,1.3781,0,0,0,0,0,0,0,0,0,0,0,0,0,0,0,0,0,0,0,0,0,0,0,0,0,0,0,0,0,0,0,0,0,0,0,0,0,0,0,0,0,0,0,0,0,0,0,0,0,0,0,0,0,0,0,0,0,0,0,
0,0,0,0,0,0,0,0,0,0,0,0,0,0,0,0,0,0,0,0,0,0,0,0,0,0,0,0,0,0,0,0,0,0,0,0,0,0,0,0,0,0,0,0,0,0,0,0,0,0,0,0,0,0,0,0,0,0,2.47266,1.39019,1.48047,0,0,0,0,0,0,0,0,0,0,0,0,0,0,0,0,0,0,0,0,0,0,0,0,0,0,0,0,0,0,0,0,0,0,0,0,0,0,0,0,0,0,0,0,0,0,0,0,0,0,0,0,0,0,0,0,0,0,0,
0,0,0,0,0,0,0,0,0,0,0,0,0,0,0,0,0,0,0,0,0,0,0,0,0,0,0,0,0,0,0,0,0,0,0,0,0,0,0,0,0,0,0,0,0,0,0,0,0,0,0,0,0,0,0,0,0,2.966,1.8349,1.13842,1.37967,0,0,0,0,0,0,0,0,0,0,0,0,0,0,0,0,0,0,0,0,0,0,0,0,0,0,0,0,0,0,0,0,0,0,0,0,0,0,0,0,0,0,0,0,0,0,0,0,0,0,0,0,0,0,0,0,0,0,0,
0,0,0,0,0,0,0,0,0,0,0,0,0,0,0,0,0,0,0,0,0,0,0,0,0,0,0,0,0,0,0,0,0,0,0,0,0,0,0,0,0,0,0,0,0,0,0,0,0,0,0,0,0,0,0,0,2.45049,1.68816,1.07742,0.680699,0.872194,0,0,0,0,0,0,0,0,0,0,0,0,0,0,0,0,0,0,0,0,0,0,0,0,0,0,0,0,0,0,0,0,0,0,0,0,0,0,0,0,0,0,0,0,0,0,0,0,0,0,0,0,0,0,0,0,0,0,0,
0,0,0,0,0,0,0,0,0,0,0,0,0,0,0,0,0,0,0,0,0,0,0,0,0,0,0,0,0,0,0,0,0,0,0,0,0,0,0,0,0,0,0,0,0,0,0,0,0,0,0,0,0,0,0,0,0.967509,0.278512,0.0631243,0.726302,0,0,0,0,0,0,0,0,0,0,0,0,0,0,0,0,0,0,0,0,0,0,0,0,0,0,0,0,0,0,0,0,0,0,0,0,0,0,0,0,0,0,0,0,0,0,0,0,0,0,0,0,0,0,0,0,0,0,0,0,
0,0,0,0,0,0,0,0,0,0,0,0,0,0,0,0,0,0,0,0,0,0,0,0,0,0,0,0,0,0,0,0,0,0,0,0,0,0,0,0,0,0,0,0,0,0,0,0,0,0,0,0,0,0,0,0,0,0,0,0,0,0,0,0,0,0,0,0,0,0,0,0,0,0,0,0,0,0,0,0,0,0,0,0,0,0,0,0,0,0,0,0,0,0,0,0,0,0,0,0,0,0,0,0,0,0,0,0,0,0,0,0,0,0,0,0,0,0,0,0,
0,0,0,0,0,0,0,0,0,0,0,0,0,0,0,0,0,0,0,0,0,0,0,0,0,0,0,0,0,0,0,0,0,0,0,0,0,0,0,0,0,0,0,0,0,0,0,0,0,0,0,0,0,0,0,0,0,0,0,0,0,0,0,0,0,0,0,0,0,0,0,0,0,0,0,0,0,0,0,0,0,0,0,0,0,0,0,0,0,0,0,0,0,0,0,0,0,0,0,0,0,0,0,0,0,0,0,0,0,0,0,0,0,0,0,0,0,0,0,0,
0,0,0,0,0,0,0,0,0,0,0,0,0,0,0,0,0,0,0,0,0,0,0,0,0,0,0,0,0,0,0,0,0,0,0,0,0,0,0,0,0,0,0,0,0,0,0,0,0,0,0,0,0,0,0,0,0,0,0,0,0,0,0,0,0,0,0,0,0,0,0,0,0,0,0,0,0,0,0,0,0,0,0,0,0,0,0,0,0,0,0,0,0,0,0,0,0,0,0,0,0,0,0,0,0,0,0,0,0,0,0,0,0,0,0,0,0,0,0,0,
0,0,0,0,0,0,0,0,0,0,0,0,0,0,0,0,0,0,0,0,0,0,0,0,0,0,0,0,0,0,0,0,0,0,0,0,0,0,0,0,0,0,0,0,0,0,0,0,0,0,0,0,0,0,0,0,0,0,0,0,0,0,0,0,0,0,0,0,0,0,0,0,0,0,0,0,0,0,0,0,0,0,0,0,0,0,0,0,0,0,0,0,0,0,0,0,0,0,0,0,0,0,0,0,0,0,0,0,0,0,0,0,0,0,0,0,0,0,0,0,
0,0,0,0,0,0,0,0,0,0,0,0,0,0,0,0,0,0,0,0,0,0,0,0,0,0,0,0,0,0,0,0,0,0,0,0,0,0,0,0,0,0,0,0,0,0,0,0,0,0,0,0,0,0,0,0,0,0,0,0,0,0,0,0,0,0,0,0,0,0,0,0,0,0,0,0,0,0,0,0,0,0,0,0,0,0,0,0,0,0,0,0,0,0,0,0,0,0,0,0,0,0,0,0,0,0,0,0,0,0,0,0,0,0,0,0,0,0,0,0,
0,0,0,0,0,0,0,0,0,0,0,0,0,0,0,0,0,0,0,0,0,0,0,0,0,0,0,0,0,0,0,0,0,0,0,0,0,0,0,0,0,0,0,0,0,0,0,0,0,0,0,0,0,0,0,0,0,0,0,0,0,0,0,0,0,0,0,0,0,0,0,0,0,0,0,0,0,0,0,0,0,0,0,0,0,0,0,0,0,0,0,0,0,0,0,0,0,0,0,0,0,0,0,0,0,0,0,0,0,0,0,0,0,0,0,0,0,0,0,0,
0,0,0,0,0,0,0,0,0,0,0,0,0,0,0,0,0,0,0,0,0,0,0,0,0,0,0,0,0,0,0,0,0,0,0,0,0,0,0,0,0,0,0,0,0,0,0,0,0,0,0,0,0,0,0,0,0,0,0,0,0,0,0,0,0,0,0,0,0,0,0,0,0,0,0,0,0,0,0,0,0,0,0,0,0,0,0,0,0,0,0,0,0,0,0,0,0,0,0,0,0,0,0,0,0,0,0,0,0,0,0,0,0,0,0,0,0,0,0,0,
0,0,0,0,0,0,0,0,0,0,0,0,0,0,0,0,0,0,0,0,0,0,0,0,0,0,0,0,0,0,0,0,0,0,0,0,0,0,0,0,0,0,0,0,0,0,0,0,0,0,0,0,0,0,0,0,0,0,0,0,0,0,0,0,0,0,0,0,0,0,0,0,0,0,0,0,0,0,0,0,0,0,0,0,0,0,0,0,0,0,0,0,0,0,0,0,0,0,0,0,0,0,0,0,0,0,0,0,0,0,0,0,0,0,0,0,0,0,0,0,
0,0,0,0,0,0,0,0,0,0,0,0,0,0,0,0,0,0,0,0,0,0,0,0,0,0,0,0,0,0,0,0,0,0,0,0,0,0,0,0,0,0,0,0,0,0,0,0,0,0,0,0,0,0,0,0,0,0,0,0,0,0,0,0,0,0,0,0,0,0,0,0,0,0,0,0,0,0,0,0,0,0,0,0,0,0,0,0,0,0,0,0,0,0,0,0,0,0,0,0,0,0,0,0,0,0,0,0,0,0,0,0,0,0,0,0,0,0,0,0,
0,0,0,0,0,0,0,0,0,0,0,0,0,0,0,0,0,0,0,0,0,0,0,0,0,0,0,0,0,0,0,0,0,0,0,0,0,0,0,0,0,0,0,0,0,0,0,0,0,0,0,0,0,0,0,0,0,0,0,0,0,0,0,0,0,0,0,0,0,0,0,0,0,0,0,0,0,0,0,0,0,0,0,0,0,0,0,0,0,0,0,0,0,0,0,0,0,0,0,0,0,0,0,0,0,0,0,0,0,0,0,0,0,0,0,0,0,0,0,0,
0,0,0,0,0,0,0,0,0,0,0,0,0,0,0,0,0,0,0,0,0,0,0,0,0,0,0,0,0,0,0,0,0,0,0,0,0,0,0,0,0,0,0,0,0,0,0,0,0,0,0,0,0,0,0,0,0,0,0,0,0,0,0,0,0,0,0,0,0,0,0,0,0,0,0,0,0,0,0,0,0,0,0,0,0,0,0,0,0,0,0,0,0,0,0,0,0,0,0,0,0,0,0,0,0,0,0,0,0,0,0,0,0,0,0,0,0,0,0,0,
